run_name,log_path,checkpoint_path,arch,n_fibers,seed,train_samples,pretrained,source_n_fibers,transfer_strategy,best_val_loss,nrmse,wmse,ssim_score,median_max_err,peak_loc_err
attention_unet_nf10_scratch,C:\Users\SSM11011\Documents\ME 228\outputs\checkpoints\log_attention_unet_nf10_scratch.json,C:\Users\SSM11011\Documents\ME 228\outputs\checkpoints\best_attention_unet_nf10_scratch.pth,attention_unet,10,,,False,,scratch,0.10486902296543121,0.08187086786725642,0.012709991075098515,0.6687331795692444,0.3748724413761808,60.8021354675293
attention_unet_nf10_scratch_seed42,C:\Users\SSM11011\Documents\ME 228\outputs\checkpoints\log_attention_unet_nf10_scratch_seed42.json,C:\Users\SSM11011\Documents\ME 228\outputs\checkpoints\best_attention_unet_nf10_scratch_seed42.pth,attention_unet,10,42,,False,,scratch,0.06635238230228424,0.061918653655751284,0.007642601151019335,0.7851456999778748,0.27636619911317295,22.512712478637695
attention_unet_nf10_scratch_seed43,C:\Users\SSM11011\Documents\ME 228\outputs\checkpoints\log_attention_unet_nf10_scratch_seed43.json,C:\Users\SSM11011\Documents\ME 228\outputs\checkpoints\best_attention_unet_nf10_scratch_seed43.pth,attention_unet,10,43,,False,,scratch,0.07213091105222702,0.06624833045703325,0.008006686344742775,0.790856122970581,0.4079474948646878,23.668548583984375
attention_unet_nf10_scratch_seed44,C:\Users\SSM11011\Documents\ME 228\outputs\checkpoints\log_attention_unet_nf10_scratch_seed44.json,C:\Users\SSM11011\Documents\ME 228\outputs\checkpoints\best_attention_unet_nf10_scratch_seed44.pth,attention_unet,10,44,,False,,scratch,0.054106276482343674,0.07774723557288082,0.010498112998902798,0.7661240696907043,0.4740182045866845,81.15813446044922
attention_unet_nf20_from_nf6_encoder_freeze_n100_seed42,C:\Users\SSM11011\Documents\ME 228\outputs\checkpoints\log_attention_unet_nf20_from_nf6_encoder_freeze_n100_seed42.json,C:\Users\SSM11011\Documents\ME 228\outputs\checkpoints\best_attention_unet_nf20_from_nf6_encoder_freeze_n100_seed42.pth,attention_unet,20,42,100,True,6,encoder_freeze,0.024018157894412678,0.02066327650134307,0.0006385062588378787,0.9193957448005676,0.15943970337749516,26.300003051757812
attention_unet_nf20_from_nf6_encoder_freeze_n20_seed42,C:\Users\SSM11011\Documents\ME 228\outputs\checkpoints\log_attention_unet_nf20_from_nf6_encoder_freeze_n20_seed42.json,C:\Users\SSM11011\Documents\ME 228\outputs\checkpoints\best_attention_unet_nf20_from_nf6_encoder_freeze_n20_seed42.pth,attention_unet,20,42,20,True,6,encoder_freeze,0.030232615768909454,0.02169153595954015,0.0006992807611823082,0.9055169224739075,0.15032169627730063,31.726177215576172
attention_unet_nf20_from_nf6_encoder_freeze_n40_seed42,C:\Users\SSM11011\Documents\ME 228\outputs\checkpoints\log_attention_unet_nf20_from_nf6_encoder_freeze_n40_seed42.json,C:\Users\SSM11011\Documents\ME 228\outputs\checkpoints\best_attention_unet_nf20_from_nf6_encoder_freeze_n40_seed42.pth,attention_unet,20,42,40,True,6,encoder_freeze,0.026416410381595295,0.02159059238360695,0.0007018216419965029,0.912961483001709,0.15485525333866026,31.597986221313477
attention_unet_nf20_from_nf6_encoder_freeze_n4_seed42,C:\Users\SSM11011\Documents\ME 228\outputs\checkpoints\log_attention_unet_nf20_from_nf6_encoder_freeze_n4_seed42.json,C:\Users\SSM11011\Documents\ME 228\outputs\checkpoints\best_attention_unet_nf20_from_nf6_encoder_freeze_n4_seed42.pth,attention_unet,20,42,4,True,6,encoder_freeze,0.03514322514335314,0.025664761520054057,0.000976567855104804,0.8852254748344421,0.19681773305597577,33.52846145629883
attention_unet_nf20_from_nf6_encoder_freeze_n4_seed43,C:\Users\SSM11011\Documents\ME 228\outputs\checkpoints\log_attention_unet_nf20_from_nf6_encoder_freeze_n4_seed43.json,C:\Users\SSM11011\Documents\ME 228\outputs\checkpoints\best_attention_unet_nf20_from_nf6_encoder_freeze_n4_seed43.pth,attention_unet,20,43,4,True,6,encoder_freeze,0.03516523788372675,0.02756352609496125,0.001310934778302908,0.8868295550346375,0.1958430612823254,47.326995849609375
attention_unet_nf20_from_nf6_encoder_freeze_n60_seed42,C:\Users\SSM11011\Documents\ME 228\outputs\checkpoints\log_attention_unet_nf20_from_nf6_encoder_freeze_n60_seed42.json,C:\Users\SSM11011\Documents\ME 228\outputs\checkpoints\best_attention_unet_nf20_from_nf6_encoder_freeze_n60_seed42.pth,attention_unet,20,42,60,True,6,encoder_freeze,0.024933813760677975,0.020949460430892214,0.0006438364507630467,0.9181119203567505,0.15920494834755594,21.392284393310547
attention_unet_nf20_from_nf6_encoder_freeze_n80_seed42,C:\Users\SSM11011\Documents\ME 228\outputs\checkpoints\log_attention_unet_nf20_from_nf6_encoder_freeze_n80_seed42.json,C:\Users\SSM11011\Documents\ME 228\outputs\checkpoints\best_attention_unet_nf20_from_nf6_encoder_freeze_n80_seed42.pth,attention_unet,20,42,80,True,6,encoder_freeze,0.024018157894412678,0.02066327650134307,0.0006385062588378787,0.9193957448005676,0.15943970337749516,26.300003051757812
attention_unet_nf20_from_nf6_full_finetune_n100_seed42,C:\Users\SSM11011\Documents\ME 228\outputs\checkpoints\log_attention_unet_nf20_from_nf6_full_finetune_n100_seed42.json,C:\Users\SSM11011\Documents\ME 228\outputs\checkpoints\best_attention_unet_nf20_from_nf6_full_finetune_n100_seed42.pth,attention_unet,20,42,100,True,6,full_finetune,0.024306331450740497,0.021165633304336937,0.0006849534111097455,0.9190829992294312,0.1589156772045832,32.1705207824707
attention_unet_nf20_from_nf6_full_finetune_n20_seed42,C:\Users\SSM11011\Documents\ME 228\outputs\checkpoints\log_attention_unet_nf20_from_nf6_full_finetune_n20_seed42.json,C:\Users\SSM11011\Documents\ME 228\outputs\checkpoints\best_attention_unet_nf20_from_nf6_full_finetune_n20_seed42.pth,attention_unet,20,42,20,True,6,full_finetune,0.030665855233867962,0.021799748451187144,0.0007183311972767115,0.9069955945014954,0.14386051032775288,25.11808967590332
attention_unet_nf20_from_nf6_full_finetune_n40_seed42,C:\Users\SSM11011\Documents\ME 228\outputs\checkpoints\log_attention_unet_nf20_from_nf6_full_finetune_n40_seed42.json,C:\Users\SSM11011\Documents\ME 228\outputs\checkpoints\best_attention_unet_nf20_from_nf6_full_finetune_n40_seed42.pth,attention_unet,20,42,40,True,6,full_finetune,0.02710646763443947,0.021802677152430085,0.0007168325828388333,0.913287341594696,0.17447757582059395,35.690582275390625
attention_unet_nf20_from_nf6_full_finetune_n4_seed42,C:\Users\SSM11011\Documents\ME 228\outputs\checkpoints\log_attention_unet_nf20_from_nf6_full_finetune_n4_seed42.json,C:\Users\SSM11011\Documents\ME 228\outputs\checkpoints\best_attention_unet_nf20_from_nf6_full_finetune_n4_seed42.pth,attention_unet,20,42,4,True,6,full_finetune,0.035830811907847725,0.025973691192710095,0.000995289534330368,0.8863781094551086,0.19814502045927607,30.698657989501953
attention_unet_nf20_from_nf6_full_finetune_n4_seed43,C:\Users\SSM11011\Documents\ME 228\outputs\checkpoints\log_attention_unet_nf20_from_nf6_full_finetune_n4_seed43.json,C:\Users\SSM11011\Documents\ME 228\outputs\checkpoints\best_attention_unet_nf20_from_nf6_full_finetune_n4_seed43.pth,attention_unet,20,43,4,True,6,full_finetune,0.03796304017305374,0.028677905975738736,0.001380175817757845,0.880379855632782,0.21507790149342,45.44557189941406
attention_unet_nf20_from_nf6_full_finetune_n60_seed42,C:\Users\SSM11011\Documents\ME 228\outputs\checkpoints\log_attention_unet_nf20_from_nf6_full_finetune_n60_seed42.json,C:\Users\SSM11011\Documents\ME 228\outputs\checkpoints\best_attention_unet_nf20_from_nf6_full_finetune_n60_seed42.pth,attention_unet,20,42,60,True,6,full_finetune,0.02551349438726902,0.021150272719209662,0.0006596801104024053,0.9178674817085266,0.16754127602817093,33.221717834472656
attention_unet_nf20_from_nf6_full_finetune_n80_seed42,C:\Users\SSM11011\Documents\ME 228\outputs\checkpoints\log_attention_unet_nf20_from_nf6_full_finetune_n80_seed42.json,C:\Users\SSM11011\Documents\ME 228\outputs\checkpoints\best_attention_unet_nf20_from_nf6_full_finetune_n80_seed42.pth,attention_unet,20,42,80,True,6,full_finetune,0.024306331450740497,0.021165633304336937,0.0006849534111097455,0.9190829992294312,0.1589156772045832,32.1705207824707
attention_unet_nf20_from_nf6_last_decoder_n100_seed42,C:\Users\SSM11011\Documents\ME 228\outputs\checkpoints\log_attention_unet_nf20_from_nf6_last_decoder_n100_seed42.json,C:\Users\SSM11011\Documents\ME 228\outputs\checkpoints\best_attention_unet_nf20_from_nf6_last_decoder_n100_seed42.pth,attention_unet,20,42,100,True,6,last_decoder,0.03630872691671053,0.02479923519545694,0.0009234469616785645,0.8811009526252747,0.17314036102586397,35.119869232177734
attention_unet_nf20_from_nf6_last_decoder_n20_seed42,C:\Users\SSM11011\Documents\ME 228\outputs\checkpoints\log_attention_unet_nf20_from_nf6_last_decoder_n20_seed42.json,C:\Users\SSM11011\Documents\ME 228\outputs\checkpoints\best_attention_unet_nf20_from_nf6_last_decoder_n20_seed42.pth,attention_unet,20,42,20,True,6,last_decoder,0.03868832811713219,0.025466908125775865,0.0009622579673305154,0.8718537092208862,0.17008096120621863,33.26038360595703
attention_unet_nf20_from_nf6_last_decoder_n40_seed42,C:\Users\SSM11011\Documents\ME 228\outputs\checkpoints\log_attention_unet_nf20_from_nf6_last_decoder_n40_seed42.json,C:\Users\SSM11011\Documents\ME 228\outputs\checkpoints\best_attention_unet_nf20_from_nf6_last_decoder_n40_seed42.pth,attention_unet,20,42,40,True,6,last_decoder,0.03741155688961347,0.025098211812806432,0.0009406154858879745,0.8768966794013977,0.17129986854785237,36.259117126464844
attention_unet_nf20_from_nf6_last_decoder_n4_seed42,C:\Users\SSM11011\Documents\ME 228\outputs\checkpoints\log_attention_unet_nf20_from_nf6_last_decoder_n4_seed42.json,C:\Users\SSM11011\Documents\ME 228\outputs\checkpoints\best_attention_unet_nf20_from_nf6_last_decoder_n4_seed42.pth,attention_unet,20,42,4,True,6,last_decoder,0.04290434345602989,0.027767520704010718,0.001147368922829628,0.8563791513442993,0.2023690530498922,47.10338592529297
attention_unet_nf20_from_nf6_last_decoder_n4_seed43,C:\Users\SSM11011\Documents\ME 228\outputs\checkpoints\log_attention_unet_nf20_from_nf6_last_decoder_n4_seed43.json,C:\Users\SSM11011\Documents\ME 228\outputs\checkpoints\best_attention_unet_nf20_from_nf6_last_decoder_n4_seed43.pth,attention_unet,20,43,4,True,6,last_decoder,0.04230333243807157,0.029171887297033725,0.0014674024423584342,0.8626402616500854,0.17353454609748586,60.76267623901367
attention_unet_nf20_from_nf6_last_decoder_n60_seed42,C:\Users\SSM11011\Documents\ME 228\outputs\checkpoints\log_attention_unet_nf20_from_nf6_last_decoder_n60_seed42.json,C:\Users\SSM11011\Documents\ME 228\outputs\checkpoints\best_attention_unet_nf20_from_nf6_last_decoder_n60_seed42.pth,attention_unet,20,42,60,True,6,last_decoder,0.036942008882761,0.024953456979774594,0.000928624882362783,0.8787172436714172,0.17212285171279626,36.18165969848633
attention_unet_nf20_from_nf6_last_decoder_n80_seed42,C:\Users\SSM11011\Documents\ME 228\outputs\checkpoints\log_attention_unet_nf20_from_nf6_last_decoder_n80_seed42.json,C:\Users\SSM11011\Documents\ME 228\outputs\checkpoints\best_attention_unet_nf20_from_nf6_last_decoder_n80_seed42.pth,attention_unet,20,42,80,True,6,last_decoder,0.03630872691671053,0.02479923519545694,0.0009234469616785645,0.8811009526252747,0.17314036102586397,35.119869232177734
attention_unet_nf20_scratch_n100_seed42,C:\Users\SSM11011\Documents\ME 228\outputs\checkpoints\log_attention_unet_nf20_scratch_n100_seed42.json,C:\Users\SSM11011\Documents\ME 228\outputs\checkpoints\best_attention_unet_nf20_scratch_n100_seed42.pth,attention_unet,20,42,100,False,,scratch,0.025262055918574333,0.021259406091144385,0.0006751226028427482,0.9196285009384155,0.16192251740439645,38.780967712402344
attention_unet_nf20_scratch_n20_seed42,C:\Users\SSM11011\Documents\ME 228\outputs\checkpoints\log_attention_unet_nf20_scratch_n20_seed42.json,C:\Users\SSM11011\Documents\ME 228\outputs\checkpoints\best_attention_unet_nf20_scratch_n20_seed42.pth,attention_unet,20,42,20,False,,scratch,0.03601521129409472,0.024559671962703915,0.000904581684153527,0.8871225118637085,0.17969135242878287,29.482685089111328
attention_unet_nf20_scratch_n40_seed42,C:\Users\SSM11011\Documents\ME 228\outputs\checkpoints\log_attention_unet_nf20_scratch_n40_seed42.json,C:\Users\SSM11011\Documents\ME 228\outputs\checkpoints\best_attention_unet_nf20_scratch_n40_seed42.pth,attention_unet,20,42,40,False,,scratch,0.029821644847591717,0.02318015706033105,0.0007806878420524299,0.9047180414199829,0.17841519954532836,39.57292938232422
attention_unet_nf20_scratch_n4_seed42,C:\Users\SSM11011\Documents\ME 228\outputs\checkpoints\log_attention_unet_nf20_scratch_n4_seed42.json,C:\Users\SSM11011\Documents\ME 228\outputs\checkpoints\best_attention_unet_nf20_scratch_n4_seed42.pth,attention_unet,20,42,4,False,,scratch,0.0595732219517231,0.0342803635087806,0.0018117126310244203,0.7959782481193542,0.2249557767371332,44.98644256591797
attention_unet_nf20_scratch_n4_seed43,C:\Users\SSM11011\Documents\ME 228\outputs\checkpoints\log_attention_unet_nf20_scratch_n4_seed43.json,C:\Users\SSM11011\Documents\ME 228\outputs\checkpoints\best_attention_unet_nf20_scratch_n4_seed43.pth,attention_unet,20,43,4,False,,scratch,0.056738230089346565,0.03429398649847972,0.002002779394388199,0.8222931623458862,0.2162585847549139,58.54815673828125
attention_unet_nf20_scratch_n60_seed42,C:\Users\SSM11011\Documents\ME 228\outputs\checkpoints\log_attention_unet_nf20_scratch_n60_seed42.json,C:\Users\SSM11011\Documents\ME 228\outputs\checkpoints\best_attention_unet_nf20_scratch_n60_seed42.pth,attention_unet,20,42,60,False,,scratch,0.026631604880094528,0.02072149576084512,0.0006303210975602269,0.915878415107727,0.15359922093467274,21.533206939697266
attention_unet_nf20_scratch_n80_seed42,C:\Users\SSM11011\Documents\ME 228\outputs\checkpoints\log_attention_unet_nf20_scratch_n80_seed42.json,C:\Users\SSM11011\Documents\ME 228\outputs\checkpoints\best_attention_unet_nf20_scratch_n80_seed42.pth,attention_unet,20,42,80,False,,scratch,0.025262055918574333,0.021259406091144385,0.0006751226028427482,0.9196285009384155,0.16192251740439645,38.780967712402344
attention_unet_nf6_scratch,C:\Users\SSM11011\Documents\ME 228\outputs\checkpoints\log_attention_unet_nf6_scratch.json,C:\Users\SSM11011\Documents\ME 228\outputs\checkpoints\best_attention_unet_nf6_scratch.pth,attention_unet,6,,,False,,scratch,0.05824760273098946,0.04170420358193266,0.00337960384786129,0.8064836263656616,0.21452851735769665,47.727806091308594
attention_unet_nf6_scratch_seed42,C:\Users\SSM11011\Documents\ME 228\outputs\checkpoints\log_attention_unet_nf6_scratch_seed42.json,C:\Users\SSM11011\Documents\ME 228\outputs\checkpoints\best_attention_unet_nf6_scratch_seed42.pth,attention_unet,6,42,,False,,scratch,0.024766954282919567,0.024793180310682325,0.0009752011974342167,0.9111849665641785,0.11997704633356317,36.016258239746094
attention_unet_nf6_scratch_seed43,C:\Users\SSM11011\Documents\ME 228\outputs\checkpoints\log_attention_unet_nf6_scratch_seed43.json,C:\Users\SSM11011\Documents\ME 228\outputs\checkpoints\best_attention_unet_nf6_scratch_seed43.pth,attention_unet,6,43,,False,,scratch,0.021106285974383354,0.028475424830218903,0.0015118229202926159,0.9156094789505005,0.13586775460955972,27.037113189697266
attention_unet_nf6_scratch_seed44,C:\Users\SSM11011\Documents\ME 228\outputs\checkpoints\log_attention_unet_nf6_scratch_seed44.json,C:\Users\SSM11011\Documents\ME 228\outputs\checkpoints\best_attention_unet_nf6_scratch_seed44.pth,attention_unet,6,44,,False,,scratch,0.02463909735282262,0.029840054863484282,0.001524491934105754,0.9105833172798157,0.18839294171278567,27.577383041381836
attn_wmse_nf6,C:\Users\SSM11011\Documents\ME 228\outputs\checkpoints\log_attn_wmse_nf6.json,C:\Users\SSM11011\Documents\ME 228\outputs\checkpoints\best_attn_wmse_nf6.pth,attention_unet,6,,,False,,scratch,0.001966887153685093,0.03642309873012456,0.0020891395397484303,0.8004851341247559,0.1676122519319515,41.42091369628906
attn_wmse_nf6_seed42,C:\Users\SSM11011\Documents\ME 228\outputs\checkpoints\log_attn_wmse_nf6_seed42.json,C:\Users\SSM11011\Documents\ME 228\outputs\checkpoints\best_attn_wmse_nf6_seed42.pth,attention_unet,6,42,,False,,scratch,0.000707371257400761,0.023011154532618112,0.0007720193243585527,0.8999099731445312,0.12243067601063232,25.076519012451172
attn_wmse_nf6_seed43,C:\Users\SSM11011\Documents\ME 228\outputs\checkpoints\log_attn_wmse_nf6_seed43.json,C:\Users\SSM11011\Documents\ME 228\outputs\checkpoints\best_attn_wmse_nf6_seed43.pth,attention_unet,6,43,,False,,scratch,0.0007429148924226562,0.028167325980758887,0.0012323864502832294,0.8890317678451538,0.13819412564991762,36.9071044921875
attn_wmse_nf6_seed44,C:\Users\SSM11011\Documents\ME 228\outputs\checkpoints\log_attn_wmse_nf6_seed44.json,C:\Users\SSM11011\Documents\ME 228\outputs\checkpoints\best_attn_wmse_nf6_seed44.pth,attention_unet,6,44,,False,,scratch,0.0009814586956053972,0.026506846972822684,0.0011062982957810163,0.8954674005508423,0.1596010745498314,39.043975830078125
cnn_combined_nf6_seed42,C:\Users\SSM11011\Documents\ME 228\outputs\checkpoints\log_cnn_combined_nf6_seed42.json,C:\Users\SSM11011\Documents\ME 228\outputs\checkpoints\best_cnn_combined_nf6_seed42.pth,cnn,6,42,,False,,scratch,0.029216057310501736,0.02378314558105111,0.0008236189605668187,0.8986272811889648,0.12660317266515542,24.47651481628418
cnn_combined_nf6_seed43,C:\Users\SSM11011\Documents\ME 228\outputs\checkpoints\log_cnn_combined_nf6_seed43.json,C:\Users\SSM11011\Documents\ME 228\outputs\checkpoints\best_cnn_combined_nf6_seed43.pth,cnn,6,43,,False,,scratch,0.027136108527580898,0.02710494341638763,0.0011902378173545003,0.9014225006103516,0.14531257767725794,38.57682800292969
cnn_combined_nf6_seed44,C:\Users\SSM11011\Documents\ME 228\outputs\checkpoints\log_cnn_combined_nf6_seed44.json,C:\Users\SSM11011\Documents\ME 228\outputs\checkpoints\best_cnn_combined_nf6_seed44.pth,cnn,6,44,,False,,scratch,0.02997509886821111,0.03196693185094436,0.0018276076298207045,0.8828484416007996,0.15011240579362917,29.287845611572266
resnet34_attn_combined_nf6_seed42,C:\Users\SSM11011\Documents\ME 228\outputs\checkpoints\log_resnet34_attn_combined_nf6_seed42.json,C:\Users\SSM11011\Documents\ME 228\outputs\checkpoints\best_resnet34_attn_combined_nf6_seed42.pth,resnet34_attention_unet,6,42,,False,,scratch,0.023924512167771656,0.024788652945167338,0.001043146476149559,0.9164706468582153,0.10533874687299435,41.2738037109375
resnet34_attn_combined_nf6_seed43,C:\Users\SSM11011\Documents\ME 228\outputs\checkpoints\log_resnet34_attn_combined_nf6_seed43.json,C:\Users\SSM11011\Documents\ME 228\outputs\checkpoints\best_resnet34_attn_combined_nf6_seed43.pth,resnet34_attention_unet,6,43,,False,,scratch,0.02075026122232278,0.027843883328777085,0.001415773993358016,0.9204591512680054,0.14724400925288497,38.27819061279297
resnet34_attn_combined_nf6_seed44,C:\Users\SSM11011\Documents\ME 228\outputs\checkpoints\log_resnet34_attn_combined_nf6_seed44.json,C:\Users\SSM11011\Documents\ME 228\outputs\checkpoints\best_resnet34_attn_combined_nf6_seed44.pth,resnet34_attention_unet,6,44,,False,,scratch,0.02399422911306222,0.02995102045547817,0.001638318644836545,0.9080603718757629,0.14981478690627664,36.56005096435547
unet_combined_nf6,C:\Users\SSM11011\Documents\ME 228\outputs\checkpoints\log_unet_combined_nf6.json,C:\Users\SSM11011\Documents\ME 228\outputs\checkpoints\best_unet_combined_nf6.pth,unet,6,,,False,,scratch,0.05710413604974747,0.04096173205088468,0.0029310151003301144,0.8037425875663757,0.20604554198425412,52.3534049987793
unet_combined_nf6_seed42,C:\Users\SSM11011\Documents\ME 228\outputs\checkpoints\log_unet_combined_nf6_seed42.json,C:\Users\SSM11011\Documents\ME 228\outputs\checkpoints\best_unet_combined_nf6_seed42.pth,unet,6,42,,False,,scratch,0.024090072140097618,0.025315936468054988,0.0008882147376425564,0.916583240032196,0.15076872333704633,38.48139190673828
unet_combined_nf6_seed43,C:\Users\SSM11011\Documents\ME 228\outputs\checkpoints\log_unet_combined_nf6_seed43.json,C:\Users\SSM11011\Documents\ME 228\outputs\checkpoints\best_unet_combined_nf6_seed43.pth,unet,6,43,,False,,scratch,0.02249336987733841,0.028720832661245723,0.0015217794571071863,0.9144741296768188,0.1408201398981604,35.982688903808594
unet_combined_nf6_seed44,C:\Users\SSM11011\Documents\ME 228\outputs\checkpoints\log_unet_combined_nf6_seed44.json,C:\Users\SSM11011\Documents\ME 228\outputs\checkpoints\best_unet_combined_nf6_seed44.pth,unet,6,44,,False,,scratch,0.02637285180389881,0.030166914240256547,0.0016080597415566444,0.9084709286689758,0.1824256168206152,45.917503356933594
unet_mse_nf6,C:\Users\SSM11011\Documents\ME 228\outputs\checkpoints\log_unet_mse_nf6.json,C:\Users\SSM11011\Documents\ME 228\outputs\checkpoints\best_unet_mse_nf6.pth,unet,6,,,False,,scratch,0.002122541260905564,0.0381118744564215,0.00231053470633924,0.8006554841995239,0.17280710705123875,44.317909240722656
unet_mse_nf6_seed42,C:\Users\SSM11011\Documents\ME 228\outputs\checkpoints\log_unet_mse_nf6_seed42.json,C:\Users\SSM11011\Documents\ME 228\outputs\checkpoints\best_unet_mse_nf6_seed42.pth,unet,6,42,,False,,scratch,0.0005282816321899494,0.023473703567562176,0.0005510147893801332,0.9015331268310547,0.1190832267514686,38.72821807861328
unet_mse_nf6_seed43,C:\Users\SSM11011\Documents\ME 228\outputs\checkpoints\log_unet_mse_nf6_seed43.json,C:\Users\SSM11011\Documents\ME 228\outputs\checkpoints\best_unet_mse_nf6_seed43.pth,unet,6,43,,False,,scratch,0.0004936194551798204,0.026522442447626873,0.0007034398731775582,0.9078222513198853,0.128715042324993,31.86087989807129
unet_mse_nf6_seed44,C:\Users\SSM11011\Documents\ME 228\outputs\checkpoints\log_unet_mse_nf6_seed44.json,C:\Users\SSM11011\Documents\ME 228\outputs\checkpoints\best_unet_mse_nf6_seed44.pth,unet,6,44,,False,,scratch,0.0006817718385718763,0.028144820460461732,0.0007921310025267303,0.8773099184036255,0.15638653014032333,36.742942810058594
